{
    "gesture_mean": [
        859.1617501994568,
        864.9144244806408,
        0.1162786741198549
    ],
    "gesture_std": [
        208.72541189919724,
        124.9586483943314,
        0.22487431335638303
    ],
    "posture_mean": [
        619.1093870989179,
        808.275535016332,
        0.13722961833190747
    ],
    "posture_std": [
        258.5691047092671,
        207.625040386954,
        0.22195758380321579
    ]
}